;Cycle;A1;A2;A3;A4;A5;A6;A7;A8;A9;A10;A11;A12;B1;B2;B3;B4;B5;B6;B7;B8;B9;B10;B11;B12;C1;C2;C3;C4;C5;C6;C7;C8;C9;C10;C11;C12;D1;D2;D3;D4;D5;D6;D7;D8;D9;D10;D11;D12;E1;E2;E3;E4;E5;E6;E7;E8;E9;E10;E11;E12;F1;F2;F3;F4;F5;F6;F7;F8;F9;F10;F11;F12;G1;G2;G3;G4;G5;G6;G7;G8;G9;G10;G11;G12;H1;H2;H3;H4;H5;H6;H7;H8;H9;H10;H11;H12
;1;-23,8095466038462;-17,3516619086704;-18,7950081165386;-14,0705608489811;-23,2202534387184;-24,2124883787556;-15,6967645262348;-14,6455203190117;-23,7792233087525;-19,6481025921016;2,20596432928642;58,4143543684459;-15,3040915853981;-10,3006278066468;-10,0876749845374;-12,1240924387484;-4,19209503917591;-23,5338570339345;-17,295981548838;-13,5002221906566;-13,2666852071952;-31,6671894715155;1,23024942897791;50,4580470898459;-21,9308633969417;-4,8969604674985;-11,66322809241;-9,42572384079676;-12,6829948095719;-20,1283658752386;-24,5020477329076;-7,24853589720306;-18,4730291438332;-24,8324925425159;3,06696325838402;35,3197196251022;-20,8729990416514;-12,486451380717;-5,0942399171895;-13,6821064408073;-17,1875144398327;-18,0291984668052;-15,3115393415565;-18,8908893037792;-23,0891860158345;-26,2474234967031;-7,22843829028579;21,6089563148089;-18,5232022207333;-9,10378905967627;-10,9597273847444;-19,839730459229;-28,6862845763649;-27,2667950401164;-14,9971331665574;-15,2071871563749;-9,70956614471061;-20,4696476577237;-10,62797280632;7,84043865534022;-18,4788893859659;-12,1590452951223;-20,5000274984241;-18,7019230927249;-44,7488384637504;-64,115404199621;-15,6460232399841;-16,1280628497393;-19,7845871839581;-13,2030405982287;-7,91303152472028;-4,41044290249192;-24,5772412854449;-19,4133452976112;-16,8023024192548;-16,2479100404585;-21,3737669394818;-35,2200821575393;-3,99580156793127;-11,8279959289275;-7,45962646993348;-10,0761636169186;-9,38529047227712;-7,19336490402156;-29,5723323414004;-24,5801270431384;-35,237043427338;-50,1471432121834;-49,3107286844152;-42,9209380001676;-26,7291898942935;-17,7063965467905;-14,614497599945;-16,3737745894759;-14,6836984764223;-18,2674648058883
;2;-6,62537617761973;-5,97109560821627;-7,09665229499251;-7,72521540491607;-15,4884321170475;-16,7709898229641;-10,1973378436942;-6,18176290870633;-14,8344544624019;-18,3197167864405;12,3060986622945;59,7742289125854;-8,62442589371312;-8,17135731092776;-3,10828157797732;-2,99922061518373;-6,37350122522366;-10,9564147483934;-9,29806078528964;-8,23857670240977;-6,70469459455171;-33,6230215088558;3,94429577743767;49,7475750239842;-13,018078216187;-5,48546975804948;-4,71576723853104;-6,51426923726694;-13,9479839439791;-7,8540810075624;-12,2206687453358;-4,84516489015823;-9,50749740852825;-16,7257454033224;-4,60242016537495;41,8448633209114;-8,503132014107;-3,17613691798897;-3,90915337225351;-11,1849055524654;-6,0044463198833;-5,95003308863852;-11,6664216596673;-9,06851840353784;-15,4323535944236;-18,2957380515968;-16,6364264471167;28,3257183699152;-9,28590342109965;-10,0569787216577;-4,18190458036497;-13,8404078754629;-11,4173763630561;-14,3137998721868;-0,575716209268649;-5,79518059568863;-6,47893046333138;-8,53149727152368;-0,853073715163646;14,4268552975636;-5,86509216877039;-3,61259650730881;-12,0296788925639;-9,66512712855047;-10,7878112604512;-40,9567673982424;-5,94371324995927;-5,89257476906141;-9,34178588303212;-0,856615659054569;-0,963578132184466;-4,95581565914426;-5,07321394400969;-7,97517542116702;-5,86814496184388;-10,9294778592312;-6,95976561686302;-22,3053842097038;5,94182811743804;-7,72447589260446;-2,68948978174558;-7,51217372116253;-7,48602774576148;-8,02432716212934;-14,1622358096433;-21,8263272155168;-15,7927291318251;-27,2429468940009;-23,5961134004001;-17,4455762570783;-11,729358279696;-6,04241069204318;-9,05251741816119;-8,20754247873037;-11,9252693814265;-2,90197394850429
;3;-2,70413884877826;-3,37934252718151;-6,21420874010801;-5,61668248354772;-12,1777493731865;-6,42153021493823;-5,86905068645456;-5,46800064882336;-8,5757172981057;-12,7271693025191;15,0383178349675;36,0811346655664;-7,53679698199221;-4,84384222868175;-2,01120804569109;2,32243231582379;-3,84470086583451;-9,34112475460051;-4,07723612261407;-1,81872567332539;-2,53869668018251;-27,4338335081752;6,94618653031466;35,7082519921473;-10,2893706653463;-3,87719959975993;-0,926261755053474;-8,13113086580506;-4,21175247569317;-2,19893205523931;-7,14949004298023;-0,981586461738971;-10,5680832329122;-13,4751953856994;-1,00764381653016;37,8690361476747;-3,76509611330948;-2,36484084317271;-0,591740463195492;-9,16157872836311;-7,05867673848661;-0,64698597098095;-5,25738598192902;-6,20830106075982;-8,98523491973128;-18,6848679212476;-9,54441642336815;24,6872613642463;-3,49562242974798;1,30379583062359;-2,03615782883435;-10,2219412032023;-11,9631576172928;-7,62276286538872;0,622562589552672;-6,43639120842363;2,1467259894398;-8,6721982513136;-1,80204597173315;7,32919631618051;-0,159249301708769;-1,43430725391954;-2,86132958470034;-4,23477259334459;-4,85362882923801;-28,7060834735971;-0,0705010186338768;-4,26303863446765;-2,21514306637437;-4,1293243518835;-2,01314328828357;2,51077494216815;-2,85824163412553;-3,366102463468;-5,13100337934929;-1,6889247484828;-5,74375578725267;-18,9297430823158;6,90656261476579;-2,85776971825317;-0,0641251551919595;-5,30438211156797;-6,61264092180136;-4,0391259234425;-16,6080886967011;-6,09962780444403;-10,0993848503549;-21,8790260905294;-16,762593515924;-12,6025300262841;-7,40041941158779;-7,07421941988468;-2,34575941669254;-5,55546626142768;-10,1148353231974;-9,19443341440865
;4;1,08501298878036;-1,27367876501148;4,24708413229655;-0,718116710752383;-8,3280098567293;-3,86089256187233;-0,98754648881004;1,48281499475434;-2,8680108512217;-9,29380629383786;7,75637410427862;26,0589293821763;-2,02803211193486;-1,45139121212014;0,126142936846463;-2,63179629104479;0,566173542699289;-5,05372217213699;-0,789277755286548;-5,12299854160938;-0,753562968007827;-16,6926502739725;8,8299081541245;29,8139406481014;-3,50769112505077;1,54698206953799;4,45625537162096;-0,996779868465637;-0,384460759441481;-6,42440142717487;-2,7880335810446;0,131743092968463;-3,35157719853578;-7,52763006366422;2,09884601556314;30,2362219166907;-7,00020800357424;-2,30452657076876;-8,69644902595928;0,506515875107652;1,54528772639878;-1,50190201424084;-0,440396357791997;-6,36005126317605;-7,61624529269648;-9,48220897035162;-4,63624908814199;17,7719443597866;-1,32424239676266;-2,36033333095384;1,93746376739728;0,159457447306977;-2,40543185430352;-3,39266871507425;0,834019747097045;-4,91940474800958;0,193278341677797;-6,32584486308315;-0,777147154485647;5,78475314817842;1,26948964093845;3,42781358607817;-3,40514151344905;-2,54001853088903;-0,0385927637717032;-13,6133655540089;2,11886881964892;-1,73751210954106;-4,39172579340129;-7,3358763871388;0,278105555637467;8,28033920205644;-2,73604765901064;2,61210519617725;1,7643340066661;-1,46229091092118;-1,03971568434145;-17,7640684233547;1,33125434807471;-4,91220973362215;5,74629170951494;-1,83243626820922;-2,56714127133409;-1,50217188770421;-6,36889191066757;-3,18909248298451;-11,168007175771;-16,6459703988266;-10,6649191675106;-5,5082698243159;-4,51972787362365;-1,0283988123665;-1,03280425159846;-4,64045562175215;-11,8434682971938;-5,8819205044756
;5;-1,94174855171377;2,84395007073954;-3,96251358020163;2,54837215435646;-2,55834620099131;-5,86616876352582;-1,79134073684509;-0,343463840270033;-2,5433568323856;-4,79330221600321;6,98859149079226;12,6558685149366;1,09841189628878;3,66493901268723;2,51227588218399;-0,218104270741151;-5,01122780735432;-5,4125556418212;2,27358576561437;-1,80837400468909;1,13753048591752;0,246532046925495;8,52979517154017;19,9855511566366;-7,20012710265701;-1,97560844898044;0,416658686623578;1,17761438997923;3,40352723838942;-0,505095288404391;-4,243711379464;-1,50467971586113;-4,4119216246313;-3,69700480064375;5,62770171348893;18,5243100585021;-5,35421499321001;0,690848214591369;-6,69520059509432;-2,82513906262147;-1,16665988077284;-1,89685431470389;0,284800248503416;-0,74983741287042;-2,73529101756549;-7,50220157783997;-0,294241009399229;14,3705451225078;0,0580780846289599;2,58027422160649;0,754351251294338;2,47372244620556;2,32466143246347;2,24538704926454;-2,67864041693474;-2,00739640777647;-0,628086820724548;0,283449560157806;2,07685539395015;9,63533069566074;0,54124949524612;2,05312251194209;0,933128145552473;-2,13554442213763;-4,64347297078166;-10,6927603213067;3,51795842665115;-1,98786100183679;-4,80512269217752;-1,2406704396526;1,95168148633502;5,48399049916861;1,67594279864488;1,8273780283389;-1,74852606504373;1,35736265753803;3,78249138928504;-16,8493671902015;4,94100490649407;0,336329520471281;-2,1674060203859;-0,729627613040975;-6,25991802947465;-1,1480758765033;-4,28789329221627;-8,23826903471627;-10,4878478993232;-14,9790729538695;-14,6605008276656;-4,40204203452959;-3,88878880953553;-2,27236840809883;-0,69372303053251;1,5907184250168;2,50699863979889;-4,35944343532447
;6;-0,928472135775792;-2,82748091349413;1,91968172429779;-0,593096210561725;-1,08946261780011;-2,41172966304612;0,735186368980521;-3,37970328153506;-2,83540186346227;1,44328537090814;1,8919526405698;9,26574435951443;2,52807902530003;-3,48166685832575;3,87350676436517;-0,646452487978877;1,54466830202909;-3,48012997317437;1,27150899315075;1,03237370884199;-3,80145231524284;-0,0913805114887509;6,78266110074128;13,0783034435567;-0,589343244793326;1,02767815211928;-0,0567768653299936;-2,41214992973482;-6,55823685879477;0,00625334656297127;1,23542337665276;0,293955128621292;-0,538429510870628;0,960524532864838;2,91827786930889;12,8643984965433;-5,87936396656278;-2,28789645822417;0,6471108266378;0,908145471685202;-1,51093235490816;-3,8696870425556;1,53587561707445;0,150172648853641;0,066562264275035;-6,24753578362152;-3,70223080888809;9,04824797362608;-1,57254006223138;1,40223110555962;1,42719525832354;-3,1978502123111;-2,14348495000695;4,22548483069068;0,334576538651163;0,220530088492978;-1,13451066310108;-1,35749789850342;-3,33232338909875;1,06476906563421;-2,72702901754337;-0,808628701947328;-0,346520579266326;-1,71788672324601;5,80364465444882;-2,63909985328974;0,312312966196259;3,06256990463817;-2,75733862414245;-0,697220784725687;-1,62498528619926;1,18764220694493;-2,42500386618167;-3,9444083210351;-2,39322285948901;1,42701697888242;5,49849814144136;-15,9866678959361;1,53684136953416;2,67691058631999;-0,133108426939089;-0,902697514817646;-3,76861444942097;6,50679938591611;-5,58872968539754;-7,31479097161991;-3,4514891911781;-12,7472342573305;-10,6299616383089;1,92928198099844;-1,84989114653808;-4,02830075429347;1,90707632132808;4,15075089873426;1,37040926990903;1,25605009137962
;7;-0,586340873598147;-2,60365260499657;-0,683719127859604;-0,602732253647901;-1,09470255682845;0,174786852078341;3,27342944683232;-1,21892542376099;-0,64161050923849;-5,55743083459902;-1,44199413168144;7,70471840393293;3,16868112352813;4,80555816779179;0,351679577896903;-1,91684423491552;-3,59767735747391;5,21425377983996;-1,44150759309832;-1,23283697297848;2,74661951067719;0,62368235615304;-2,07043075881029;2,52579026367994;1,63935898293221;2,79414594299033;-2,46429669390318;-0,580776031968526;-2,59788856746854;-0,706521703789804;7,79390066673523;2,9202236895394;1,32187677619686;3,00110845300469;0,605091420718054;-3,03135290018463;0,727806572226655;-2,59550203371464;-0,128742347889784;0,418283833399073;-1,12986606418463;-6,85668260041984;-3,529212161136;-2,13341293968142;-1,17040446318833;-4,38667174405145;3,87683418373581;-3,73523147874675;2,95479631916351;2,50104006378479;-1,69122224774264;-2,98734725063969;0,126645109241508;-0,254623747366622;-0,586046099595933;0,0143724533131717;5,22820149000881;-0,261144205794608;2,2975546000398;5,95416199857527;-0,626171147965124;4,47463456466448;-0,310254572459598;-2,36639376711037;4,27664140334673;-6,52025374723644;-2,52541545483928;3,47017704937662;-0,0127801505113894;-1,60079496669823;-4,63671353372274;0,0751282458127207;-2,91975311391707;0,585801654634452;1,48795515995789;1,0225474423969;0,859523187839386;31,9148337197475;4,14658942683764;0,372470606273055;-2,59978892977188;1,39712947189082;-2,68429566093346;-6,33710176980048;-2,79655239135082;-4,79805440149403;-2,9292916767572;-5,09303669904739;-1,53228815878674;-3,25355410689963;-0,192099701236657;-0,758114186584407;-0,0429071037283393;-2,3822345002468;-5,34528291975812;-7,35233220321834
;8;-2,74395653579813;0,724919455582949;-0,341555841262561;6,59784306485653;1,1488446575363;-2,73868645457242;1,00992432314843;1,52071796257087;0,710148369335457;1,29805850845423;-2,02568928725805;-6,08041675611821;-1,4665860306477;0,553976540822077;-4,59006083207623;-1,71310708366309;-0,0818139325174343;0,5805250128019;4,29225917971189;1,72681269392615;-0,652319129731495;-0,423941229169941;7,65655851471092;-8,43345274739431;4,30312791803817;0,218337965377032;-0,713850376116625;3,52746131775893;-2,95466897318329;0,39687361129063;3,20712592667633;-0,637091509838683;-0,120542083285272;1,12080329260971;3,44865001025482;3,97988021434912;3,54470318463609;0,517798117800339;3,96455201703156;-2,17752589673546;0,0519897320536984;-4,6844910548366;-0,461969669708196;1,30664101062575;-1,63148425648433;-7,35489969240143;-1,86025107849082;-2,97964404615959;3,81026699190033;2,44165450124683;3,1127296941213;-2,71091782248459;1,14556367125579;0,0145430728734937;2,24333855345367;0,0701859109040015;-0,36903580580838;-0,70384425848215;-1,7043926239121;-1,43231257880825;0,9475955508683;-2,16298891436782;4,48920233280023;-1,27783199083024;0,592665468972882;-2,51956435868897;1,54579810352061;-2,28114139764102;3,02182552601744;1,36355793815937;1,60278455129901;-3,89211322763458;-0,692815139163031;5,66899839709868;2,01513872465239;3,76212867117556;1,48447171153066;6,55366950006919;5,42626802432551;2,97502004079297;-0,842585361946476;2,92084207482185;3,33411205366929;-3,87802042171234;-2,26828220714469;-5,20342787173013;-3,24888237114237;-1,8082139291987;1,19625539758681;0,260638181722243;-0,45617433735606;-0,396121702762684;-2,36202276329595;-2,11101421743024;2,08429302654122;-2,32985058756549
;9;3,99319527564012;-1,86741081121136;1,46300386364101;1,46931469156698;1,84062884539799;0,136895386300239;3,6282482832421;0,115581589514932;4,37781905617339;-1,4253123911044;-4,86061000985319;-2,9834821363479;3,6210390880924;-2,90854831089518;-1,8867892980852;0,516747099216445;6,15792016152182;0,353771584628703;-3,23569472023064;0,198665117856763;2,98755314725395;4,56822288521744;3,32934702050261;-5,94690420151483;5,01889386016046;1,4186465463672;2,87863093197257;-0,655320422859404;-0,0346006563818264;-1,96091759617229;4,870587903662;1,67423850989962;2,74098742056913;-0,128648179141692;4,99044570765636;-7,57407271726288;1,99367558428867;3,10521403372013;2,36082096426526;-0,601223191838017;-2,01518266331004;-0,868507003803643;-0,605913450338903;6,27305621517826;4,67061221543327;-7,69203033704389;-2,62322207010902;-6,94696110201039;2,10054730308775;2,86956797763514;3,06145280589817;-2,40861516300856;-2,79645981306021;2,73145706129162;0,112758087247585;2,52223344296499;-3,80929673922856;-1,12164752098079;0,649610065545858;3,99614540353377;-0,136601528980464;3,37027711174733;-1,19864831687983;1,41668055638002;6,51268473054279;-3,41389948927781;0,246890401389919;4,29638870854797;0,108429308546874;0,73586533548314;-0,315923691877742;2,87745342838252;-1,70172163459665;0,463129855862462;-0,313639642648468;1,94970342758961;-0,917440333652848;4,92930892676713;2,23279778667074;1,47356114175454;-2,76922418617824;0,484833337058262;-0,397483057383397;2,96215780722105;4,23385778762213;-1,79166923509229;-4,59460144749164;3,95072341808236;-0,0761824781466203;7,27579990920503;1,96455916183322;1,01786695992405;-1,94408414117925;0,434858107048058;-5,22343724016537;-2,66137691695576
;10;1,28234887610097;2,15939499533579;3,43723849970229;2,72286191919238;3,29632602907168;-1,10544444515517;3,24559374680848;4,19725738212992;2,14949249953906;4,66600885347179;-4,83835649907724;-2,90046553452157;0,181564202528079;2,78688058389662;2,26350058393882;3,66749674292487;0,988719055546881;2,40411422228317;4,03810239223867;6,36826660367069;1,64060762837335;2,5203470760257;3,54339136920908;-9,16909708524054;6,97171727800605;1,1589918719842;-5,55476613326118;0,202909238044413;1,96358999457789;-0,963488006844273;5,49376411051981;-0,528104861192332;4,95651824416973;-2,70695945041689;-1,50804230956874;-4,93076665572153;2,69142393720222;0,442628653415795;1,16406949077145;-0,44704200985143;4,7596807329146;2,28951530870836;1,92103773097233;-6,81374905583471;5,47368401086987;-4,0023093474465;6,8108229140671;-6,13840323013301;2,56196685456871;0,480340806806453;1,91715587351246;4,40564578286421;-0,263390340834576;-1,35338792594575;4,32299344385274;2,30215981848323;1,10517365900796;2,34360203469032;3,68744777385655;-0,153521662856292;2,83217604895663;0,548562155758191;-3,26833873621899;6,11143379246778;-1,4342386098615;-3,46644112260219;0,0541808095254055;5,05897624910176;-1,25199153721451;2,93727079445307;4,81736538056839;3,75199949040825;8,76348707664283;2,08538166931157;0,870761800615583;0,413154149361617;3,91770324331128;10,6198846603729;0,486590031306605;2,55120033794219;-1,10406985642885;3,50853710585443;4,33087772533418;-5,00088529659843;6,27603530340321;2,08004745435846;0,178571493760501;-1,38213599794653;3,07447117165839;8,28998362579659;3,54251666819619;6,35397095495046;1,40671226078439;-1,42600940735474;2,84992904685714;-0,625963277615483
;11;0,545628983153165;2,73796552244494;1,35972241614218;1,39731423364947;0,106034492229355;-1,12390141635706;-0,477874213908763;0,383921757525059;0,291289017881809;3,23243571100056;-6,35613571815611;-5,26348705408964;4,88833323883091;-0,477643061839444;6,26877693111737;0,871232443508688;-3,24566185090816;-0,466433887773746;3,41688813236897;-0,500940751982398;4,70162586440119;6,61651860084294;-4,98083731981933;-16,9584214209362;1,66136501972642;-0,548654555430858;0,274778331107427;0,863391236091502;4,47570285819165;-1,07005572783601;4,35522823984184;0,322291276177111;-0,221985885490085;-0,035510341038389;-1,1112626623858;-8,99765784491956;2,15358285521779;2,63502834325254;6,8093631027441;-2,15979766175815;1,20569563424397;0,144566922861941;1,77709717101607;5,2183412657073;1,30142131230514;-1,70735742270335;8,770754770454;-3,89575790319623;5,47041318903666;-3,3419854838744;-1,52889224061983;1,29999370265386;1,80752742936738;3,63965202665258;0,823275962015032;2,10894761671352;-1,84802367353132;5,30788116900794;1,81733366869321;0,419960292124415;3,90691715499997;0,436813460946269;3,5308710944887;1,31791467748599;3,55194655967171;-2,76873198102612;-0,164401686011388;1,41239126503206;-1,82334418843038;-1,62547613038032;3,4777617247446;-2,29434520044833;5,45160592746834;2,74743471410738;1,87084326011154;-0,675146838870205;2,30461280248801;7,20670985481365;0,911286091676629;6,29876668672023;0,837213401409826;4,70461074106925;0,888104103347814;-0,818906288315247;2,2640212393826;0,635609477204071;-1,3522028453217;4,32382626263916;0,525914080117673;2,20041621152996;5,34533367906397;-0,482034924002619;2,14081612847804;5,70018716965205;5,3715450505124;-2,15523996874254
;12;4,50592286463598;1,59265312349407;-0,863063758787575;-1,12623758634618;1,96993420663011;1,13375729987729;4,86334616458998;0,887717196296762;2,32712097884541;-0,385957659108499;-7,07191958182921;-0,180716446242513;-0,314081089684805;-0,72923449927157;1,194947761192;0,363779494011851;0,83611060892099;1,54386919694798;1,90186880534702;1,64180589581247;1,09271759669673;2,60868190623887;-0,46479264731579;-4,0109414556664;6,1659450840898;3,52079068141211;3,72223691689987;0,129579824981192;0,25099431448325;5,15124888463424;0,347545844284468;0,541821769699254;3,78358303875621;-2,79790406763232;-1,85975271331699;0,618546226987291;2,76051044966061;0,3403623141362;0,126772810403963;1,84936245860672;1,58554076201699;1,69760870045002;-1,49770834838228;3,18353444839522;6,10449154538856;0,929384859053698;2,70480351066499;-3,28422192666994;3,87861016690522;0,558824220684983;1,82680912447404;1,85253712182521;3,51149505482681;-0,577273522615087;-1,91228803800504;0,256793887776894;-0,406453186064937;4,58807279187795;2,05341386518148;3,52053492525829;1,30977780686862;-1,16102535531081;6,79028028152834;-1,07937165925978;3,22294053904989;1,02100994780403;0,16974357046638;-1,44416129841284;2,93537344872402;-0,384031813830916;-2,46780406590688;3,77819703068508;4,52155360034521;-0,169375213120475;-0,549979408565378;-3,39577831451334;4,52183666245628;2,9903053413268;-0,149863732327503;2,10028379655796;-0,168286311844895;-0,324662289897788;9,57740082881173;3,69216782098556;3,24028060463206;0,717287662419949;5,11823476984137;-1,99633807403961;3,84648904594496;4,83251888266068;2,94917069491476;0,117009352379682;1,09757028571767;1,0890757845109;5,91878986017764;3,72318972237781
;13;4,41300115915556;3,18440649607282;0,229340690293611;-0,898807654275515;3,13462146716302;0,233219999588528;6,20481776056704;1,44352053132025;-0,413162813274994;5,89042756261506;-6,39267838620162;-3,89969510885703;3,27354715826368;3,5050186335443;1,27908212556576;3,69861656661169;0,798993708303442;3,81711800874064;0,149795002059818;3,39051563664862;5,42985805823264;6,11281209937806;-1,15992237270802;-4,82614706538698;2,34289663854815;-0,107998264123125;-0,527317896376189;-1,06613933410108;3,42130961833664;-2,08739746239598;-0,529271840162892;-2,31871905251091;1,49912061336681;1,32178636362096;0,037026059888376;-11,5403842417959;3,3015260258303;1,11161934330994;-1,35903562207523;2,28064871717379;-2,231384205425;6,10685724097038;0,845410483945216;4,54472877909257;3,74838999169833;1,2641317754219;1,21771435012079;-11,3823945515505;-0,949025844466632;-0,0794213776125616;-2,7774422737748;1,98394421651801;4,33241266441792;-2,20215220900263;-0,794087337861583;6,44590369090292;3,54830611408806;1,67149368083028;4,67035862220337;-4,52414528492409;4,93651969594202;-2,37775469928056;-1,88438310237871;-0,911955135140033;-0,0140170984545875;18,2716925550444;0,464099914250255;-0,326587903360632;-5,16307722290867;1,8303185514028;2,90352747510542;1,50895046303594;2,28974980493012;-0,165037314141955;4,41030556122723;-2,65497873651248;4,89580571951501;0,575909017862159;-0,369210936709351;-0,415088076706979;-1,75312561082274;1,63435010402009;1,74082911235018;-1,69079242540965;4,04540342338487;1,79994813059784;6,49639470960665;5,52578529782295;7,82527341513287;0,597686757360407;3,55398950543031;3,43895921121521;3,84461258441979;-0,942684599856875;6,15134351488587;11,2066054205852
;14;6,61011561954228;4,14505425061816;-2,51932054586314;0,328863883011763;6,90526272288844;-0,0882182772006672;-0,584814225135233;0,80107973543727;-1,90344923031762;7,07379434890117;-7,16046053195078;-10,6577377862823;0,0982355451133117;1,49049190637788;2,10051870746292;-2,67675104592308;1,6175871779983;1,56448672960778;-0,0102405083121084;4,60040489646872;0,0567938124718239;3,64404122733731;-5,23615691201758;-2,81249830631532;1,42755997987206;-1,55148732309863;-0,210958268135528;0,911233986799289;3,23542225301571;-1,9322494029584;1,02896604776788;0,939876807510245;0,767633993611526;0,954415202764267;3,55172207703708;-5,41123604997892;3,55225621742647;-3,3268412627931;1,40417596466659;4,64577004452985;4,70144143056177;-0,248053868448096;-0,837594904353409;0,524086360162528;4,80048836628021;2,37499925607608;5,12588513408809;-14,3638715731413;0,354437712186609;1,88853121443435;-3,36851346159847;-0,306769509033529;4,69434359140359;3,65880441124364;4,64149271884799;0,725590642054158;2,17396305504872;0,899687084468951;-0,844776705825097;-7,42356543459573;-1,34469697772465;-2,12158636359163;0,111846675384186;1,76864189970092;0,0380843611237651;9,62736008159436;0,902252761419732;0,500944242365676;1,20062410938544;2,13646405515692;1,94502451612198;1,60640025723023;3,39876312917477;1,7211337067356;1,63450631822025;0,75647204267807;3,32275137851138;6,88562884730572;-6,74749428657242;0,161333793223093;2,7672557650435;3,5262215287803;3,71919385382444;2,92526578534353;8,2704449053449;6,52664829164542;6,40067577606669;3,955623583121;0,961773121864098;3,69097508427512;-1,43298934099721;-0,436112713975945;-0,843648100325936;0,735268514970358;-0,248183397819048;7,16414307751256
;15;5,29453202565628;5,01268074822929;2,04695392361282;2,48914867078565;1,76916434260693;7,84033732119542;-2,61126761519745;-0,143122479657904;2,46123951528216;6,57429659961417;-8,77150782195804;-15,9699838585625;0,132636193025974;1,51477929423572;-0,565352132940916;1,3289783668597;-2,30161474121542;2,58870609774704;5,28967970616804;-1,71680708589338;-4,15807131639849;4,6611055009289;-2,23427198211903;2,66208329567417;2,07716062860163;-4,04820239826313;0,118581249414092;-0,402411249393481;-3,02834822990371;3,3420339860927;3,08744409706469;2,48826435690307;-0,0688367744705829;6,13904078028372;-4,28758635337681;-3,26695376253338;1,09326667973437;0,694408955351719;2,2733414246286;5,97206956158288;-2,28663135179022;2,40996807652255;1,37343792069987;0,793233995930677;3,43241770495615;5,09084307039302;1,243771166236;-7,96327466678622;-1,46124219790136;-2,78975830325453;0,27722688805261;-0,688307863206319;4,22643680748433;-5,1901999453612;-1,81941206557985;1,04555545925177;-1,33246315686483;4,20600065711233;-0,740776552325315;-5,82421108632889;0,979060768458567;0,609919339612588;0,438151201371056;4,31813155274131;-3,5667996614834;-2,24109684347195;1,69660296631673;4,40757342013785;4,32726210991905;3,61399228398568;-4,93462305202547;-0,70289116351114;3,11397429487306;1,5802019254761;1,04278471127827;0,101025546261098;6,57879331206141;8,39334385970824;-6,94072442059587;3,1068919221575;-0,830528398119441;1,37902778682019;3,79057301195144;5,05523702224173;6,24670508045847;3,21330786433555;8,26491346820876;7,84566152914385;4,72936944832873;3,3772777777599;0,921822944804717;1,64999170190322;-4,97868996842453;1,21644089842266;3,33812308602;-2,79921978403036
;16;0,649609613173197;7,21039099393056;1,94331378226161;-2,90231634385282;3,09181054564215;3,3079650825066;5,20407916420936;4,42561921580091;7,66797504371516;2,31088978446451;-11,5002246831623;-9,68896526385515;3,48442466439792;3,01319333402671;-0,560075169836182;-5,12524439030585;2,71522205513475;2,21815680277587;-1,93651369146573;2,07096459658624;2,66686143144671;1,53535469464714;-4,61348328072609;7,59687612552943;3,18794872614581;6,31006538279644;3,82898520011258;-1,13719303527796;2,36486685404634;3,77452812354477;5,55364308985509;0,996863789925101;1,01461980020667;3,06073514007721;-6,46990803208655;5,50721552408459;2,14722156792732;3,61068493201492;0,195736281196787;3,03421611863314;2,330279268288;4,00207871342354;6,12451508530376;1,7323092989177;0,168357412021123;10,7935084525507;4,83578218694993;-3,99553261768597;2,72405878343397;-0,309840691951194;1,23889194043068;0,0881185839461978;2,58739415096534;2,82993826261873;-2,660927626177;8,69462580432401;0,662091599730957;2,63121805567789;1,9550256057928;-4,74975316527843;-1,4342347561219;1,6561288356711;1,23638561839152;-0,119186990486469;-2,14555545397343;-1,24040981176131;-0,0351631807593549;1,86718883675485;3,68974690710684;4,249241523813;-0,932431762220403;-0,920380480103631;5,61800905506971;0,91339743283379;-0,878031956659015;0,394559625550755;-1,65099504878117;3,34808888580164;-3,71305108408205;-3,61746317561119;0,137854262964538;6,4959983077606;3,82191906655817;4,09219745058726;5,94684773789322;7,97980522410535;8,36719485447702;3,36754404373733;2,85293080590736;2,01036479153663;0,82962045962131;1,36696207665454;2,88627085065809;1,51353730160372;3,39953420757047;3,61827822980968
;17;-1,06123706633389;4,15687645552589;6,0098329966072;3,03628819603455;3,8365704191483;3,60541974493981;0,426406288843282;1,09933804140246;5,24384775015642;3,50841352766611;-13,3600507287219;-4,95995383684249;2,39992959751089;2,22156344556151;-1,8438658357054;3,63146075497525;2,03283613058193;5,76752246661181;-0,767451244773383;-0,0482500133070971;-0,0221247397744264;2,22356211641818;-4,18947804507616;-1,3765359006411;1,08779473494906;-0,147585650752717;1,06648501738664;-1,22696115991585;0,152853578319537;4,16673326335967;0,0850240720328657;0,978357709717329;3,92814847971295;5,57421933967998;4,29478282818354;-3,91466066760086;1,70117140405182;2,90805995077835;1,57808566624317;1,72843675804961;-2,68489317640842;3,98920345198167;-1,18935136174559;3,64672062783939;-0,278570446843332;4,73347622491428;2,8357482497313;-12,0028903040879;0,487481019512416;-3,83017106742363;0,436635930012017;1,81033990520245;2,97544467286343;-0,860863858569701;0,405265073924056;3,40839144668325;-0,594090617935308;1,89847070740643;6,03314622147309;-8,49219377753798;0,271603709508781;0,952333219879165;1,91767100537481;3,71936531189294;-2,30463911434526;-3,01682792587962;-4,28109432330075;3,39271562006115;1,79050784301307;1,25362691261944;3,06999823738806;2,82330541854799;0,280243558042457;-0,714349867936107;-2,3518329106264;-2,95790712294638;-3,10613295189069;5,45980817687087;-9,82742170879101;0,222138156475467;1,26321381381695;-1,41413283117072;0,853260465346921;8,35327208560557;6,13282458174672;5,52266620768251;7,62645327144901;6,78468223161872;1,42350757966869;0,222791467300794;-1,27650305782117;3,11102603867721;2,89624784714943;4,87556874582697;1,44702431976157;6,11487337243943
;18;1,35999794851296;-1,54043342787281;1,44500967688055;-0,342240650857093;1,79129480818347;2,37602223711883;3,01885134537224;2,68101725773431;2,30653977141583;3,36389934594808;-5,7987340600198;-4,65305752004679;-0,196281077537151;4,40405658295913;-1,40475384169486;0,466052740205214;1,48277715415907;4,9096656960478;0,861330637495485;-1,51072377790479;0,328930073277661;5,84658597359294;-4,72665150963439;-3,45492751387292;0,540377427560543;-0,420177059044818;-1,36691093547552;4,17033260679955;-0,979811373564644;-0,926897035911225;2,6823236796281;3,97376957030019;2,57874163275574;3,86480705693248;-1,83456195470217;-28,0616277151121;6,36010304266983;-1,00452235700004;2,25023289848514;-1,23529835853151;2,64197537495602;1,64723020019255;0,429643827972996;1,99375287288376;1,89144707047853;6,23814195068871;3,54689794751812;-0,812252520699531;-3,11725768063116;-0,441320902528787;-0,588517644961485;-0,887112473808429;3,88937689503109;-0,16982822422824;0,41970355363037;0,676358363372856;-1,42839522992062;0,876663704239036;6,34711040281172;-4,44483894017912;-3,23373528525417;-0,238520013962898;-2,94205486430337;2,7949823625795;-2,72543843560834;-0,490021413489558;-2,3676005602556;-0,424770967510995;6,86416998888444;0,269977376255156;1,9674518812476;2,05283506727255;0,942235042359698;-2,18315887973904;1,45146712404585;1,12468555287478;4,36109292884203;6,20336687875397;-7,20570798924564;0,733618160589231;4,65249150505224;4,18867459200328;-4,15543390127596;5,00937106235597;4,069048944315;8,15732544292223;6,16281430669369;3,9777039482924;2,44110814077203;1,157876725817;2,78827295678821;1,61705651138891;0,0512479086914936;-4,97235436782375;3,66541450010709;6,76918661677337
;19;-1,58766205113716;-3,40864279708967;-2,18548772676832;-3,85284953971313;2,06218067248346;6,54164278351891;-1,82376015630507;3,68383921066879;0,921233320898409;1,79726641294792;-8,2906372952325;-15,6352206125721;-2,8327749446812;-1,88756905337732;-0,978337156708676;1,73472554273803;4,19541259698781;-0,618844092675772;-1,82580426738832;-0,393852545541904;2,84990616725554;7,99573328115503;2,73617283559634;-5,31041879750501;-0,703817032816914;3,0831094051664;-0,735366321197034;1,2397477941181;2,17731742198066;1,91233182111182;2,21468272008269;-1,59673419272031;2,21517435964915;5,7073957548555;-4,95194467156716;-34,2344785897653;1,36107834103404;-1,3912267238311;-0,025372968497777;3,40692147380514;3,44394282138228;3,35823435441807;0,496881630026564;-0,501011526606817;1,73334022518657;4,69105069946227;5,95384796228473;5,7592459023017;-4,27375486354504;-2,75046722453135;-1,889550050656;8,17812723933139;1,17123003345159;0,376187918566757;0,749083353363403;-1,93873139257903;-2,28979944386174;-0,133180411578451;1,13495305019751;-9,4104210884143;-0,0537733759206276;-1,65202943684653;-1,60280782173959;1,27855855972757;-9,48852117675324;-3,60725632464346;-0,0864311166219522;-3,24128126662708;3,02963144861133;-2,83183564270485;-0,162193803072114;0,546525073702014;-2,86964920160563;-0,78502531706863;4,54260915056557;4,40429993290763;-4,60697942520164;-0,472994262962857;-7,24097596415504;-2,55787930975612;-2,02536671944199;-1,81349527640214;0,153007853162308;1,33636856670682;0,0711918051397333;7,47582347667367;-1,1438406365055;5,78962088479648;5,52462610502607;3,21210230293946;-1,39572806715569;-0,362996867196671;2,17914699939638;-0,372283390121538;2,85768246205907;6,8187636985449
;20;-0,745528166469285;-0,93603304222097;2,90788943431608;1,874820292207;0,582822875333477;-0,411874250922665;-3,6143705404229;3,34559707762992;3,65408980542497;0,455731074571304;-7,80842025093943;-9,55244697082617;-2,28421109006968;3,9267590272093;2,00081320439995;0,307598302067618;-0,287750771393348;-2,8184973708876;-0,814942137822072;2,95983448068409;-0,536098543448134;1,96202150086765;-8,9977749072973;-1,90175136609059;3,77488733063501;1,58639723826036;-3,44610594812912;3,22908350947728;5,37350870683213;-1,5631348586744;2,70700243522242;5,70067844320056;0,378707099162511;6,09002391498188;-5,97631038332611;-33,0123119577506;1,58714986513996;0,933249807705124;0,646774263744192;1,20612560147356;0,257874250264194;0,187403907675616;1,31387508618991;-0,915698370574773;2,78519398613571;8,1969365804739;3,94087731212221;3,63396936252548;-5,68147268080611;-2,29667484983656;-0,612946443297005;7,34859427080255;-0,940715822216589;-2,89371286268033;2,82846267398691;2,14417506458994;-3,34822508823754;-0,970905433893222;4,8439358333103;-5,34988266091432;-3,75613380111872;-1,92198448530871;2,8145633781055;-1,42194695020044;-2,47524050204356;2,69518391969132;-0,319177000361378;-6,45256684828792;-3,63376373906249;4,13251069183116;1,787260958346;-5,97394370335951;-1,6546793530556;-2,02971329648062;-0,562047360347606;0,461015899775703;-2,83799417192449;3,2046456668877;-7,32922244018528;1,38768178543751;2,1009713168778;-2,73656497284628;1,43435082697488;-0,257532935650943;5,09921110114101;4,82044509770185;3,02337823214248;3,95554272573827;5,34520550947082;-1,73367020350361;2,40610856631565;1,56515180924407;1,54386325284577;5,64770907383945;2,94521385078406;0,039241087463779
;21;-2,61433103961053;-0,448286025193738;-0,0258308163433867;-1,30571056201688;-1,02739426098969;6,0696636301841;-0,65400566274684;-0,191618788979667;4,2297203180492;1,67913644022428;-6,70828345394284;-5,82343245030143;2,4225547511237;-0,877806469374718;-0,690933319433952;1,47129066459183;-2,33805347770885;1,02066605699019;-1,07995856520074;3,14360049975994;-1,96092215045292;8,69026911727997;-3,25785048100215;-22,2430774324848;-1,81232351885137;1,7466670395861;4,84461625674658;0,284338544422098;4,6488026276329;2,94821268118721;-1,77479758159097;-1,30366281789338;1,51513941539133;4,45971317307794;-5,78949478605364;-18,9210082240038;1,54906130531663;-1,90047537356349;0,884107161903103;0,716510901285801;-1,6652552134924;-1,25955005789911;0,761972432749189;1,06341295821676;-1,5306265646218;4,83368371709503;0,480885573745127;5,82460960990284;-0,207112304093243;-2,26500150020047;0,441000975020415;3,04591772188951;-0,329762032725739;2,57222380815529;-2,86827892334441;1,67508081486494;3,14534915295144;3,80953206817048;4,28973618983173;-8,97342416094352;2,06762621253029;-2,84867763522107;0,442873936636715;4,40366825249475;-1,09428250408564;0,867011155622095;2,50105479568992;-0,177038620965959;4,2829152065824;4,97893877943443;0,841452840544207;2,45382561460201;-2,86036313866225;-4,90770160998318;0,122112903271955;-0,6934505374943;-2,75284634827722;0,251428037111964;-7,21947092354867;0,517326230365143;1,27931266096857;1,90530521340952;-0,929324732541772;1,85852548379125;3,66751536878564;8,9692640746498;1,28263973387584;1,28064448437635;3,94288485809193;4,80761469204253;5,97088471781308;-0,493758969626469;3,35682102352348;-0,950214929584945;3,3086240702296;10,0487763799329
;22;-2,58811490031349;-4,60653382995179;0,975506449420209;-2,69717940604414;2,79524844342222;1,45818697017194;-4,87869741172062;3,16715955019936;1,35759786833751;8,1916028578562;4,5229540850205;-15,898613369262;-1,75397775689407;-2,51147439657689;-1,96275835700908;-3,68117735304259;0,808663877528033;1,6100745151989;1,56298319566531;-1,34450720211544;1,54711422016635;10,3132935220074;-3,09800265201329;-28,6632647320353;4,2982163353422;-2,8550247459998;-4,77408046332448;3,07543185277927;-3,49704399795655;1,80135864513159;-1,97925501944019;-0,111228979322732;-1,38724552202166;3,65728306389519;-1,0247995827217;-20,8697391613719;-2,2400027900776;1,59392271267552;-4,39052132151755;-0,339265753274958;3,51757040855773;-1,44332077555373;2,73692455626497;-4,43135061994508;0,798326456062568;2,29953218922765;4,9669365818022;5,14611001778303;-3,86360880256643;-1,31120926239419;1,17878637052036;5,57136430359651;0,163271867173989;-0,525557879588632;-1,97395787202913;-1,30792876223404;1,90308566828071;0,589727619888436;-2,1721766800033;-5,63603006671383;-2,12155048563909;-2,27634775803108;-2,69297545187374;-1,83565464796311;-3,62128242059589;2,9856146547686;-3,57275394202952;1,46543423415324;3,09363961397366;-1,10968982805616;1,62098604725907;-3,61864523823579;1,95958619167868;-0,45536966473037;2,0562728246714;1,16404509125641;0,0691171323442177;6,73204571519773;11,3360763243127;-3,49707143269188;3,56263362373829;-6,07098520827776;-1,53006132158544;4,46140017620382;-2,33034122283698;-0,120194574072229;3,38491776160572;5,26345926403928;2,85550552673931;5,42775863053248;2,54982293811918;0,368227889329773;2,76084390683673;2,8730007920517;-0,315025165636143;1,30831680571009
;23;-2,35071394981969;-1,60706552011879;0,79178868391773;1,88523028406917;2,76413573954051;4,72879161199626;-0,155390322547646;1,61676277225388;3,95935411905566;2,03415407121611;23,0181088835316;-8,14347359130716;-0,218106286024522;-4,38195544986138;-3,22042002965782;-5,13540100941145;1,67950619065687;-2,30051237775888;-1,4271268918028;-4,29379375439657;-1,41798894030262;1,42240806422251;0,562823929435126;-22,3075734208855;-0,0519310996301101;-4,48356963129072;1,75248529927148;-1,02726844396011;-1,82794849370157;-3,34524676361752;-4,38195067893184;-4,85287232845576;-0,49983334016315;0,999876224466789;-0,27328369615725;-24,5037691745442;-2,51514863470038;0,194282369407119;1,39954763478863;-4,1191595129153;0,753624157684499;3,64976596882298;3,67208527016101;0,666903706166977;2,89022220471225;7,92334064830993;-2,32215245908083;-9,9791598314423;-3,2312848909819;-0,699454727160173;-3,14958571868146;-4,40220582591155;-1,01483291463956;-0,0457003008987158;-0,156538130512217;3,55085961496161;-0,0371724796937087;2,36992504692762;0,66864544238797;-8,1934066269805;-2,66570541686087;-2,54507882810003;2,85647886095421;-2,95827634028774;-2,292078689954;1,13132254138691;-2,29133684226872;-5,24609131751549;0,890207339704375;5,47380044870579;1,08338413808406;-7,59907251849836;-3,11523391888068;-4,43809074196452;-1,07450396267996;-1,85833739932286;-0,135770572504043;1,1347894726091;9,51199373510599;-1,43358665560072;-1,32396210875822;-1,95401393765042;2,54132316142159;-2,11955730994805;6,21184051280625;2,05353053293766;1,27626273077658;2,90350576464471;3,76788499517306;-0,451847904137139;3,6287631967125;2,94017842459652;0,415847056405255;-1,19904176058071;2,12748929911368;0,620836770272035
;24;4,35933502183661;0,142640811583078;1,42422632825946;-0,296280622685572;3,82383644499259;5,39440973497449;3,85697297921706;-1,94535865764647;2,32404449105888;7,16551414933519;23,3033012647779;-3,37564430862403;-1,38048266205715;-0,672610477062335;-3,89923086401495;1,87032758306623;0,932178402180853;3,39484829696994;2,2158113451942;0,178786238365774;-2,98783526682155;4,88869040840837;-7,71116697165871;-20,5180493733737;-2,91526894804247;-1,30938782250087;-4,73413543114884;-0,787935585160994;-0,184738710001511;3,83601852863967;0,268323518201214;-1,2392997935458;1,32067758507628;3,64543998752379;2,43940693757213;-9,55748840329488;2,3288383498284;1,17671505336921;5,9659777068855;2,12803710589515;-0,274489315042956;-0,824290215337896;3,10723993955435;3,33009365265525;1,17913405902527;6,12600208893764;1,11189367218958;-9,288522304857;2,97891190316477;-2,21856542236583;-0,253845167281725;0,531195776581171;2,64811855351809;-3,98650286312613;2,44871671258943;-0,840355927798555;1,11435901591904;2,28219657507589;0,956727560465879;-7,12017519140454;1,46103034339922;2,67226603304061;-1,47639502900893;1,90737479750715;0,195076646013149;-0,315994642362966;-0,734291535929515;-1,60240151949165;1,85888694373534;4,84610463318313;6,62463159576964;-3,90836558021738;-0,966185535578006;-5,44694220413658;-2,3512839730397;1,13221120267508;-5,80062462924025;-6,50348910031926;2,47550371849911;-2,44798838474117;0,985234536399275;2,45079248221691;0,361482231657192;1,89151692419136;5,01598131414767;3,50410481552444;0,0355208070368462;-1,96841678153987;1,706625489423;-0,963787340570434;-0,885563272703166;3,0262833827619;-0,193316875336222;-0,546970984952168;0,582693663967348;3,11840800083928
;25;9,17558891223371;0,274430894813577;-1,56149586128868;0,654046767158434;0,568600227787101;5,54684778634009;3,62056138834532;1,26840018998519;-0,402081904873285;3,19214359399302;24,2845416099508;0,141212066859225;1,39098097460146;-0,701298374920043;-3,48599776916899;0,259118361543187;-2,09102442840276;-0,47692366407955;6,35753199260489;2,63769811893462;0,665220595344636;7,64281801909146;-1,06450451235696;-10,7544032130527;-4,61942421999356;-3,47699824323126;0,62250554575985;4,10935831844245;-1,61940553232989;-1,95560962641093;-2,17343799462651;-5,33568286639593;6,44416935661638;8,89720743959379;1,46704316470141;0,598513673470279;-1,88014750560114;1,71090887191804;-2,54571043717897;2,29516050715802;0,684460510280132;-0,613041509889626;1,75333555255838;3,05944973800206;-1,42672602237963;1,61773000778794;1,61186178716753;-13,5070599902974;10,7174318162542;-0,172732467909555;0,0230028544119705;1,79345911036808;-3,25288876479362;1,23041043838657;-3,27488034613998;-7,46740747599415;2,72707521837174;1,54945199277017;0,77069187869256;-2,23053542839352;6,71984910546553;-3,83450371417757;-1,15106372448372;-1,93790578963353;3,77305552685266;2,24963021877466;-1,18993774926957;1,14724876688342;1,84050946806246;-1,34750441431652;4,66710500495265;-3,82385569681719;1,26196762933614;-2,91672887327877;-2,53504339367873;-1,20731350390361;-2,55776282635134;4,6621858888584;7,12431649244809;-4,64744513843607;2,45361431603078;-7,10337836685949;-2,58007402902467;0,139656480703252;3,26812355897528;6,24374449077322;3,46567933059987;1,48754267361392;-0,103898175199447;-1,89662149253672;-0,872543961317206;-0,835605418120849;0,342541635606267;5,69714251139931;-1,51483294284026;5,04884394267538
;26;20,016746281869;5,09006035313678;-0,546972242678748;4,84168070740134;3,31336518711214;0,962473609793051;16,60582865382;-4,88697627525789;1,76461539403726;2,44143114212875;14,5297036582479;-13,537724809431;2,39975251587839;0,797115669909999;-0,414803672525522;2,23775463478069;-2,1813639732577;-0,202697749661638;18,6845559330909;-5,25860903484636;-3,95784157089747;6,71286741037056;-3,98253401851798;-9,42483402885227;0,740142015732545;-1,21076926650449;-0,101171323636208;2,02081713955886;-1,50231205768614;6,12165781010981;9,02884261872669;0,159731062857645;-1,53731299346964;5,29277890823687;-5,16229877421802;12,1898208600574;-2,2612508211746;2,11424608343987;-4,33449730506482;-2,95738957414915;0,656352870398678;4,39996662670092;-0,745585303152438;3,76268526648664;-4,42687037473524;1,38655912013701;-2,78318554466387;-5,85548106186661;20,2176727786682;1,09698040177409;-1,30414982586672;0,135804192882915;-0,391932656910285;2,27667359430461;-1,06366235953283;1,33962153265566;-4,77934398840171;1,04083120969426;2,04559600185939;-6,92023607771807;19,4515689998079;1,01468326111217;0,727248521431193;-0,0593080959592953;-3,41092252777798;-0,209642742753658;10,5253139254105;-1,63019629636665;-0,744026688150825;2,35268539675371;1,77452280664193;2,39395597359226;12,8180018878929;0,390342503571446;-5,29790085101649;-0,400595971564144;-5,06465236748227;-10,541025301532;9,15496870155084;-1,96482038120757;-2,98620439523256;-3,98738386816513;-0,0357892112583613;-2,27040417685703;2,87622523120899;1,30052771133614;-2,20889317875481;3,15444303860886;-4,45421309999256;-2,73619087644056;2,46933465011625;2,85426426187678;-0,607436539687114;-1,8878390084883;2,33563964467567;-2,70455260363542
;27;39,2670754668393;10,4318071807097;-1,92771716558764;-1,33885207468938;5,72902303565797;2,61393180675168;43,9353246961682;-0,805300490442278;-0,804775532313215;-1,16304576559833;10,4330617860369;-18,572870867406;6,17121314422729;6,55748593574708;0,07752821805434;0,32356425300577;1,29542865605936;1,37376806839484;44,0503890639429;-1,36488583397886;-5,75180845449859;5,88911233798717;-4,83562804690882;0,562930417782354;0,758883924284419;1,70071776401483;1,57040931373285;4,66810881045558;0,325956770488119;0,935007054006292;9,79825897452884;-5,0028165805893;-0,373783834573715;3,08238743631591;4,24741198158836;7,83288468859973;1,39865492498711;2,33276342814088;-0,663330182510435;-1,60521067160198;0,0762378056442685;-0,389030372777142;-4,45569296600752;-1,98232514042684;-0,676777895478153;0,707384798076873;-2,71705794583386;-3,29667952891441;58,1002246261351;4,16868923200127;-3,06636651106464;2,75328894069389;-1,26804194156193;-1,26935316767458;5,41073252451179;-4,28840960263369;-1,85071289663347;-1,17897627920365;-3,27154449567342;26,9173911386983;40,3673631096813;0,180028301373568;-4,81534134035428;-6,58989357705468;-4,87176363558501;-1,31516260005355;15,1355815112652;2,2891286575923;1,98759235700982;-0,339950785864858;0,197852756295561;-6,62651480394015;40,4411648434761;6,82851095897149;-0,547582410945779;-2,39808262207043;-10,9924452919654;-1,33751106391128;3,97467982311355;0,598658244844046;-0,584966285672635;-4,76543687400044;1,19257252484113;3,3727501555968;4,24628377691306;-0,854853574577191;0,051340987560252;-1,27167834647298;1,69424246503422;-4,85408637256023;-0,360909768366582;0,940370238679407;-1,71659986035183;0,488352864756052;4,83112658266282;1,89799899599211
;28;74,1612019819954;19,9703329698459;-0,0582160750068397;-1,92734262292788;-1,64510853826596;0,121595191569213;89,6705802068327;-4,05247737395757;-0,25477977829587;8,73149980422431;2,78320097857704;-13,778915232187;12,8779784378685;16,0688344885516;-0,628379005705028;-0,604783827343908;2,04834783853721;1,14701464067412;89,2582605777798;-0,721159003329831;-1,17663370416176;-0,816718398915782;-10,7665988628964;5,44449783657637;-0,354451196918944;2,37490344026719;-1,16620921236472;-3,09255280486468;-0,859930823075047;0,736394945844495;29,632614409898;-0,626301582494762;-0,802292496150585;3,95207600997173;-3,97372910361219;12,8841518347963;-0,784208438271889;0,116957999574879;-0,0041223998514397;4,43105174782795;2,86404455214415;1,37519642312782;3,98043902921427;2,78706862757554;-3,66496209096158;5,47620978645045;-4,95512619062038;-3,6331381990517;111,982530734263;7,42570349548942;-0,0265797926736013;-0,891428803978215;0,317032674987786;-3,26337539197721;14,7801489117942;-0,929624040967155;-3,37007591481597;0,628317505587347;-1,14166284274006;12,0047902293486;92,3102511219945;1,23917445153484;-1,71413188954966;1,24963708990299;1,25919306193418;-3,68337427877259;36,0349099201844;5,3007417628728;-0,332786441554163;3,76843929931511;2,02816692533133;-7,18604771296623;87,3272647664671;9,51668323095964;-0,455463000864256;0,632508388639053;-2,21052250554112;-7,94771011436615;5,55733132713021;1,64920060137547;-3,27454435206437;2,82443055203794;-0,301962647626169;-2,6422927144813;3,76136512910216;-0,023172361349225;-3,63739502426552;-0,867475868320071;-0,445138531430075;-5,1148015679114;-0,0319725747222037;-0,987681201017949;-7,36457754704452;-1,47773646925589;-1,10868412846776;5,27643258827629
;29;140,753317865861;47,1021156611114;0,311041285680858;-1,92379231762834;-0,966507941839154;0,19517584264895;172,408022852792;-4,66781904050777;-4,31122807564225;7,92902681826536;5,29129637448204;-6,36606382958507;28,3735596847123;34,686381720167;-3,57012546109445;3,12482580144251;-0,121095460161087;-0,644679764851389;171,190243131166;2,71162956374019;-3,78675972103338;8,13540556177668;-6,290834246754;6,06312696933855;-6,66456223911746;3,73341510104274;-3,24462479366275;0,843559721262864;0,954180762032138;-1,84527315051764;67,0587619040471;2,01412990652307;3,4791584902955;-0,113536799578924;2,73774291048767;11,8692585323906;1,822721809011;-1,70358386533007;1,10235088535728;2,03323444506213;0,335934785267455;-2,62473535912659;1,91559733685608;-2,22087867761456;-1,95392882298029;2,37711700700083;-1,04720002428576;-4,15245814725085;208,758868067761;24,3924308024552;-2,56491654712318;-2,11598119560995;-0,0978921609098506;-2,02033795563557;35,8595230306651;-2,54373750846298;5,84761867432235;-3,48650622890955;-3,14263943387505;12,025290700416;172,279010367732;9,04856289426289;-3,09876105437752;-3,60858267304366;0,220473987968035;-1,03767131455879;74,0001516256066;15,8392082762275;3,35879600457247;0,18078656961552;-2,21939810102685;-0,495338466313115;170,581274654653;25,5610530182094;-1,49517921841243;-2,3908540213456;1,40050325905349;-5,65214988425987;17,7591205488766;8,67483897831562;-0,227307582811591;-4,67773890570288;2,5181982642689;1,22376522585137;-0,960368765017392;-0,453453693251049;3,09696181343543;-2,99061644823996;-2,63749802901475;-3,28469702318034;-0,0191974038948501;-2,12569379450906;-0,499863346919028;1,42433692644363;-3,08707014289348;-8,30606667593474
;30;246,227744234906;92,4177283626068;-1,89856085989732;3,06559369046863;0,278251764249035;1,6896516304605;316,815367309825;4,52005647716123;4,84252228619744;2,25741177340751;-4,35734593557117;-3,53329216159818;68,0790923981958;73,5917623261143;4,00106187991514;2,19671910685565;-3,82813877970693;4,62856235164281;318,083142210411;15,7232701366629;-3,31754366045789;0,903693234658931;-1,31507247961281;-34,4361553040644;-0,829903981654752;1,3675597950637;0,794875088859044;1,25379143183909;-2,02052763702568;1,46905030657717;140,946077968293;0,903583077833446;-0,239146981098656;-1,15180947441286;2,52953634014739;9,9075853564832;2,98165164380498;4,23978539800783;3,77449480762698;2,08243515566483;0,781942458508183;-2,00675143701119;-0,5174110942894;1,27141304944462;0,361105422226046;1,34296228381118;3,51892630175007;-4,51479841992614;368,983182847864;53,1750700033112;10,8969836508468;-3,26045833177477;-3,68396166552066;3,31473633930909;72,3197494320375;-0,855852703878099;2,67127093175804;-0,206315249932231;-4,69659739141798;10,8355837052795;310,365670457576;20,2527229456368;6,71338117340611;-1,03321364157046;2,64146772148752;0,698849035908097;146,373339920634;39,377912546337;-1,25137984227376;-3,97400743728031;-4,53312852000226;0,511287592403733;314,059385967071;57,3151324143673;5,51905457690827;-0,150304751040039;-6,84345116695295;-5,82851592795305;39,0129063964009;21,7512541214969;-0,931049121675187;-0,00999265500695401;-0,871358683716153;-2,90920084169511;-6,18112874687949;-0,213816131511976;4,72413947540963;1,97949980106341;-5,69900090804731;-3,49341338422801;2,38761726240773;-3,96048629535926;2,23423396790622;1,20751190062811;-1,61770599479223;-5,53359272556509
;31;380,371843415714;177,970393393691;3,39281428686081;14,6350587836146;2,92999634807256;-2,11860258903107;499,186978422222;8,53581705272654;-4,64776240353285;-1,44007994803133;-1,06018825983438;0,458661734630823;113,416706435555;146,286931383506;10,5463733658289;-1,78363008651695;3,09445643967138;0,942093078835569;529,729607225769;34,6160153855549;5,00738591204345;-4,71009678001792;-5,93110224418433;-28,9354474360448;2,62292175152652;-1,70800935826674;3,44033516404443;0,967248864549674;1,51868112803913;-2,38849634197231;266,082406375387;1,29425932255572;2,42438452295573;-2,0592200234305;2,83427182612877;13,4456693198331;-2,7934958855426;-3,31781543423222;-0,633190548553102;-2,56538152560779;-4,0091061363778;0,796293430682908;-3,27927407718653;0,27664824024987;1,15001980082434;1,37472802141792;-1,849023893908;-5,50921589306017;581,045458416095;105,049990815784;15,6477073948231;-0,0902365397782887;-3,87500960934904;-2,24422630782874;136,202090271005;-1,9309038181691;9,06010886540071;0,680080348139199;-4,6858557846831;12,3311814259137;517,378339985443;41,1280257544281;13,946669562391;2,64738261300454;1,19356907450219;-0,800466394098748;271,153499114418;77,6663714159326;-0,663800453618478;2,54356166738035;-2,17571488989915;-4,08803912805433;531,265019077194;119,950309683174;13,4532128460569;-2,97566916505002;-4,98242492546979;2,27026535958566;63,8584909535443;46,0129717342729;-1,08180952377643;-1,76216368535643;7,00202349128949;1,66681783529566;-0,706088096335861;2,22382166963826;2,66845965916264;-1,56453882328378;-4,50928125508017;1,48195396508891;0,834474894692903;3,0985203428686;0,0601322856032311;-2,82449483182518;-1,92641473205413;0,278922224093094
;32;528,994293872752;314,495944799206;8,85411126189456;26,5595042479008;1,08271873150761;-2,84824437380939;675,164306715336;21,985412924862;-1,72984738018977;-2,45373451683054;1,09292676173436;4,29168012768741;181,649333708641;264,482332070164;12,6966665290061;1,74798154514519;1,33419271848061;-3,98168054124608;741,02540764147;65,417937047238;12,1204017552882;1,99202778750441;-4,62525863711426;-11,1588640373161;1,27252614921599;6,78233627683267;2,59775908897336;-3,05659736258031;-1,06222561152663;-1,10126901457397;456,588833994934;5,51257123352889;-0,478244551818079;-0,281572717019117;4,41488586752803;-8,75427674891444;-0,437542135103286;-0,323661355425884;-0,223982698001237;2,0629222893067;0,923719548052304;0,955540197226128;-1,06823803687485;-1,49423940240695;-0,691924472160281;0,537597513573473;-3,10003186224094;1,6682393867577;782,971753069104;199,17465587007;33,6484274954009;-1,77474974098277;2,7759815810673;1,02591017976511;247,531439547677;4,5211426071628;14,0016815720028;-1,07976356051813;-4,55475288291927;3,9705806848674;725,948059210856;97,4254379637014;27,798120194057;-0,249900183052887;6,78570755419332;-2,39182281442208;466,105758153356;160,480941088901;3,08076048882549;-0,124169436619923;0,852596993224324;-2,63463313785314;750,453320293882;230,626489366977;26,5985513228943;0,553945142239172;-5,56841949549607;-1,28817670994749;117,428188706067;96,3535395979306;0,860691217281328;2,76276316763369;4,19132657288401;-4,91414284171515;0,704012265709025;-0,85245502865655;1,1118031431979;-0,621762275137371;-0,846906032027618;2,45707827374235;-3,11368634570545;-0,776552043570973;3,22709358777456;-1,71123930721433;3,77903503319931;3,23645749004527
;33;669,375778659166;483,789557032672;24,2895322085369;55,6279936207975;1,59042660432488;-2,61645485401232;835,874304020158;43,6203149282546;-5,15421021054408;-0,558204689923969;-2,84574793231877;11,6915978110464;264,354863523338;442,33568192898;36,4248402283438;0,846738548981193;1,45503755315622;0,647771729244596;950,17228164271;126,139534042554;11,7085229022427;-5,99089658150069;0,600755312620549;-1,69819078798355;3,05421528307306;20,2197075615263;20,5332596100516;-4,30431559878934;-4,06304827327676;-3,35285326157555;653,04562182613;7,74529354360538;-1,09180620586494;-1,26807925534104;0,258446400028788;-22,5841024630699;-0,580605644434854;-0,81509653509147;-1,11774751767325;-2,16399050458813;-0,590224689288789;-0,202345464470454;-0,0271180193285545;-2,26390108849773;1,53107704862077;-1,12765222530061;2,25492093480989;3,72704913050438;972,397724402468;361,141349673779;68,2812288278797;1,35665938138072;0,267801501117901;0,939852452507239;413,650819373525;-0,975044339365013;25,7852989565213;-2,94336165146933;-5,20196464205401;6,8870818619157;931,969519456578;185,892525137363;49,9132462753105;4,03568219725366;-0,465406109748983;-4,90504767721359;683,61961950465;293,808442557622;1,02234999889561;0,340184185138241;-2,59198424148462;4,95110080154609;963,690043136946;423,222575021145;46,5456515334135;-2,27263421847056;-6,08824606604867;4,83771097187082;207,602862943028;193,957039960248;-0,803002701892638;11,5625968617169;-0,145243329184723;-2,13914355810766;-6,35877988106949;0,0190266678509943;-0,155052887750571;0,729223150762664;-6,22431728497395;6,70833093358897;0,413253620874457;0,467520280622466;-2,26316376417753;1,59879851405458;-1,3704871092873;-0,910980218378882
;34;792,854027908217;646,017168428093;49,5137604365382;107,276546504738;-1,21779107135944;-4,3070367561304;987,145663267635;95,2019776455272;-3,1313172350815;-6,05867717739238;-8,50855146587855;19,5905302088154;354,889809113169;632,461072645573;75,3651595931724;-0,29254970113243;-0,805228798565167;-5,46008652050568;1142,37612505115;243,928245433722;36,0195293173747;-3,89375400892914;-5,68641926722057;10,3283914528729;11,5460993951865;35,0389061469782;34,0197783932472;-0,157024329836531;-0,0506980071386351;1,60551274830095;848,625534378727;28,1215572559536;-0,191216430556779;-3,28047273314269;2,55023917266499;-5,23083945292728;-5,48661552549493;-2,43886384003508;-1,24833717103002;-0,258589098654284;-1,52629668746749;-3,67640141103811;-4,36906144961949;-4,25866837596186;-1,13997130121288;-5,29388614177697;11,4919444427064;5,61446411753468;1147,48605180422;583,410833162554;130,795117507595;0,526879446411385;-6,21206601571384;-4,89596859757512;619,230058166071;8,84491834220489;60,9629446174235;-2,91316975357267;-11,8350227488804;-3,03943911993929;1124,84156787274;339,096890282302;98,6597039920071;-4,46780313724958;0,6008517014875;-2,6804903126922;894,242772672008;532,772217578266;-2,94305061115256;1,12044744028663;0,870406825597456;-4,71316863825905;1164,11972057356;671,424104309158;92,4409781780801;-1,00498504244297;-5,75334539134656;29,2792581264757;358,883712624764;355,25753543783;2,04623332794426;17,5074423840956;-5,0350439822605;-4,93104551713486;-3,97578215481781;0,784787156735092;-0,750774976095727;-3,43273814875192;-1,29754107237068;23,2234869639801;0,437988889436838;3,56656434057322;-1,71412441374059;-0,157088564505557;-1,37499948567392;0,453535152615132
;35;893,174242091425;795,83242878618;96,7382266669529;204,147987192222;-2,9080891540525;-3,61553925968065;1112,82938195858;172,928652552595;2,95749255799319;-5,80817469952899;-8,1584172129119;21,6213001098567;444,03445772143;806,441776118786;155,357225361357;-0,653762017404006;4,09148528214928;-3,31770291141447;1309,52300810039;436,136857925412;74,5944477396124;-7,65256689169883;-2,03853799684157;12,974116843458;20,0516553301777;62,3583453728097;72,8893467778739;1,0173673289446;-4,93360900411381;2,69473915755452;1037,03446808997;52,6430834240791;0,774314703751315;-4,51674340118007;-2,84204800580392;-8,23157481832959;1,75141420778391;0,925648710529458;1,76584767531676;-1,59146808373089;3,66946554052493;-2,30719699023621;-0,867989475197192;2,85251884166382;2,60890043803647;-4,07804147822253;22,0839479945998;7,73918369644116;1304,61368966775;790,30328866267;252,177886306482;-3,89469640125799;-1,57523738342434;-3,00791483190551;819,506647763118;24,7827992122898;113,443563924328;-1,47501928578731;-4,03400280642154;1,70493429726321;1297,64363374265;573,375697974806;190,773825420145;2,76576774076784;8,53478337538627;1,99133196911407;1094,58956051968;759,652746224342;-0,659429519548667;-0,875167477156992;4,51785639848913;-2,82568344702349;1343,41781092832;902,458892654476;166,098015801106;0,879607292459241;-3,33909961447625;57,5889681907383;534,220954080989;598,255357385638;0,487511551727039;39,1244026951963;-0,516644112617087;-2,19609354890827;-6,96045876803464;-1,50169763894883;-3,12237550890177;-1,30563869618209;2,79891306204536;47,7117852633805;-1,98307597845815;-2,74356873364059;-3,21733062117482;-1,28211646428235;-0,195674324682386;-3,10187002949442
;36;968,814452533408;931,450755383435;186,384562106837;359,322396472416;-2,12328457153262;-1,34493481838672;1221,57479419188;316,892375859989;4,95304736079606;-1,6248064432225;-8,12419534348055;14,4023224777329;529,863435580988;960,843467218592;283,730387322995;0,0748746230069628;0,6473869247111;-1,92531321784372;1445,6871550873;679,561283487174;145,86662859339;-2,68725542234279;16,9904480042637;19,4216045988705;32,3194228559205;112,808643295857;139,257692671562;-1,52039245221795;2,40662704614033;-0,398888762390925;1206,4304702837;112,836724658616;-2,23304788246196;-3,18709122894688;3,71146780783465;4,38439028537869;-0,799610355439199;-1,67223393282302;0,0290627805175063;-3,64724166751057;0,681397805715278;-0,609129333593501;-2,23483053362315;-4,12930209200294;-3,15418257379997;-2,20423244659378;50,8468506407226;0,981831064462313;1433,9170378559;985,033396415815;435,152685454735;-1,25035052079465;1,65485927526788;-0,89597812374177;1013,66922784912;50,365702593484;221,477152319728;-0,0627421310314276;-6,36407813398182;-0,720606770170889;1445,00267556287;802,150196533574;339,600095737241;0,170245594435073;17,2060256261939;0,464920109508512;1286,63337482939;980,19123801341;-1,40070443232025;0,641185069543553;8,2441689127254;-1,95113200324022;1499,38249584439;1120,54202694425;317,243319565576;7,71220211119953;0,784868434436248;109,293697781304;715,040618345651;832,915863171816;-2,4921027225364;83,7401417746937;-4,82831442088036;-3,13203348087427;-5,45831462257502;-5,01083274971506;-4,4951913537675;-0,256658059410256;-0,525523198084102;87,989880495878;-3,23323710056775;-2,8412956527095;-2,9053462254401;-3,35293930911894;1,04859783243;-0,723433381343966
;37;1019,74397498665;1045,87605244927;332,266966387651;524,439915183283;0,528462837051848;-0,560413978049837;1299,37245944997;532,026730888991;15,673941561462;-1,99343891326771;2,46300213908762;17,3283615678802;604,126416013595;1087,24516447686;482,288589023412;-1,40547253359182;-2,90291261041921;0,465855475147237;1549,93903700311;912,345001822751;281,322629984591;-5,16920756090849;10,4261792829784;20,422316483176;58,3652628015884;188,403953989373;257,258104699209;-2,20097503911848;-0,64717705014391;-0,0596563255980982;1344,76039857853;210,516195634852;-0,793634370368181;0,774396141661782;0,714204965267527;0,501580591391757;5,31928456098331;0,586327380296552;-3,68062199752194;0,375840482035528;1,39035051352448;0,680979425313581;-0,0887331257563346;0,770953770766027;1,24093473071116;-4,01450446266153;111,517947758552;-0,222544607721375;1529,0450194061;1163,31607869346;650,236684874131;2,23603612481929;-4,41826420700818;0,150285021334639;1191,41514414945;105,882435740367;409,405738697098;1,57243533076144;-5,37799228514359;-3,12124553029207;1554,91446033258;1019,8017310414;596,644269402507;-2,54319647631337;32,7449417761663;0,728546789613574;1453,69957382792;1184,69872669801;-0,4320189012019;-0,381524213247758;20,4165240311795;-0,997479040312555;1620,04453570978;1319,69515170028;560,739180812703;8,09680062936832;-1,23520482926233;176,392222096427;899,285654514873;1060,58068240621;-1,85282153213666;162,777014128587;0,467190350239434;6,55018772852554;-9,28527060831766;-2,17914931008818;-3,76180663042805;-1,4718369870352;3,34803659033423;156,254052149658;-0,0893564808820884;-2,87432535028665;-0,632424889531194;-3,46502248487923;1,30703039155969;2,78610645415711
;38;1052,37548818896;1136,78800973631;532,079199744871;667,324692647097;-8,01681665408978;-1,14479792655084;1363,67012849847;745,01639259136;37,8677245763056;-4,16383695988407;-5,37094613853878;9,80615271544048;669,749018042045;1189,67754878798;667,570094917917;-1,320642775745;-1,1502433921637;-3,48380317833289;1631,15593186165;1132,69903634041;491,278601403658;-5,75712568160679;13,9422219291746;23,3829804042512;85,0019143934251;300,117165701461;434,652534007299;-2,65964241071742;2,70696732843999;-0,824192065151692;1453,3490428661;392,300614786816;-0,867168213644618;0,524938832520093;-0,929062525620793;14,7767166324379;-4,02080890084017;-1,73446397665157;1,00470224258061;-0,75879914371626;0,191336291273728;-1,28014043540361;-3,37770110585188;-0,722839876518719;-1,64105382550179;-6,89070245016501;214,820860294444;10,8760467816696;1598,16405636881;1326,86609920269;837,145399118107;0,103519318633971;0,771783997745843;0,380133115605076;1348,02980017236;211,715308424843;657,742016836451;-1,7911734703066;2,48894288525662;0,163408804295159;1635,76489251402;1223,6725892446;838,710826841664;1,45355599526602;60,2970290380317;0,0842052791863352;1592,53319612107;1379,85986402017;-1,81954211237598;-5,83807842202896;44,7348635654898;-1,45081621802865;1711,5532633901;1501,90093432976;801,129655658691;21,6652247542329;2,34993611208711;282,479006895398;1072,07032620508;1282,20619692657;-2,41154632552752;332,248911072891;-0,633551607413665;14,7192174650272;-0,401056759842049;-6,0706169058094;-3,29161387250269;-5,88380115577638;13,9977085948749;235,874411941498;-3,30046298495063;0,789657204493778;1,9705661900457;-1,07589395068317;-2,59250325706444;-7,1914188705141
;39;1069,92366948777;1203,19134465483;710,851807621132;783,135174980321;-4,52205188067092;-1,20329440599198;1404,23977374096;948,493033547458;70,5082905645886;0,967529089459276;1,37445553807584;2,74513401227205;719,880248232183;1264,42553031261;830,645634574453;0,303989713002011;-3,92442006405781;1,34266760556011;1689,13617625731;1327,66668177181;730,30455926172;-2,08087635363472;10,5630109603253;23,8575694157912;139,243547460827;444,611788184711;646,328618133268;-0,367325394171985;2,40316251114473;-6,16904007652101;1533,47732398021;650,532692675853;-4,41456971564139;-5,23744806046579;-1,24346474973981;28,1038632070145;-2,2039147442274;-0,30500397524338;-2,26992402879432;0,567506425892134;-4,20493418668866;-0,0430101518586525;4,58431270146457;1,30827617181831;0,0287224515614071;-2,47783161478992;384,478988274395;8,84256981312046;1646,47604836717;1456,15782538285;1000,44449809964;-3,59417407539149;-0,788157091873927;3,55725508078558;1471,00847611428;394,127270657675;881,700942529919;-0,0239159435286638;10,9479271157811;-2,46013025451521;1689,50562842605;1406,61815729487;1055,19877536208;-2,31286427041186;104,863036912106;-1,48102493272654;1695,82751835232;1540,14804241186;-6,49587454199582;-4,17572982556567;91,9343087607276;11,1737320137163;1777,07501577325;1644,02339150185;1023,7877922689;42,4719368660421;12,6589610682145;397,148316721256;1216,54795536298;1486,44971455984;3,66181543445964;546,909035215453;2,22665112147752;38,730048070202;2,03492503111693;-1,1068539488906;-4,29528919239146;1,70424018580934;30,5021243419956;305,783602803254;0,46231397315114;-3,41329319564193;-0,375651804440622;2,93213896270527;0,245030181119546;-1,33886208307013
;40;1081,08147299732;1255,74409872418;868,584790016434;890,704368295228;-1,6593726981273;-4,23567284433875;1436,46778856914;1142,98302429041;136,110023354284;-7,00584313908621;-0,867450524644482;-1,97409421373231;761,165127795408;1326,46713640994;971,51520799302;0,0738808744463313;-1,40856470031486;-1,50200796812715;1735,0197457834;1504,32736720203;956,203483769268;-6,19466961543503;3,53999670617122;15,5032978164672;196,709294854585;591,518679950697;847,245344113557;-0,707093474153226;-2,49268793716055;-1,32859398562641;1600,44797668162;903,804483091086;-2,55401929252048;-7,13070097194577;2,98216535094753;22,8130893732327;-0,399965553072434;0,348327676749705;0,244260955952996;-2,97533289032708;-4,16688538180233;-2,59494723445277;0,966245996254656;-1,686490870748;-0,984123252582776;-4,06398814100339;594,372938521764;10,9013714378116;1683,54235809299;1556,59466166662;1162,45860500488;-2,71277286076293;5,91580963742581;-0,619630898396281;1573,33774495977;655,184224287827;1081,2825157775;-0,0996810799329069;27,4728215784785;-7,72771698083534;1730,8819486588;1574,25709010941;1243,52006595753;-0,395454041147332;195,652170291212;1,70349307124206;1778,65651558934;1670,52387675345;-0,487156815798244;-0,580525964703156;155,739700661256;24,6144366600392;1829,35076094253;1754,85655195989;1216,07297269932;93,0274142028238;24,3219835767877;513,927242704113;1334,77559289243;1671,96960569619;2,69489036759978;760,718571324525;-6,13702555477448;94,1231886265859;7,0631856560085;-7,31423610535012;-2,24599250115398;-5,65571830684712;59,138854892472;374,074867234229;-1,3938096456809;0,474813121478292;5,72636450330401;1,01829291617378;-8,24776114319047;-5,30222613785008
